0,0,0,0,0,0,0,0
0,0,0,0,0,0,0,0
0,0,0,0,0,0,0,0
0,0,0,0,0,0,0,0
0,0,0,0,0,0,0,0
0,0,0,0,0,0,0,0
0,0,0,0,0,0,0,0
0,0,0,0,0,0,0,0
0,0,0,0,0,0,0,0
0,0,0,0,0,0,0,0
0,0,0,0,0,0,0,0
0,0,0,0,0,0,0,0
0,0,0,0,0,0,0,0
0,0,0,0,0,0,0,0
0,0,0,0,0,0,0,0
0,0,0,0,0,0,0,0
0,0,0,0,0,0,0,0
0,0,0,0,0,0,0,0
0,0,0,0,0,0,0,0
0,0,0,0,0,0,0,0
0,0,0,0,0,0,0,0
0,0,0,0,0,0,0,0
0,0,0,0,0,0,0,0
0,0,0,0,0,0,0,0
0,0,0,0,0,0,0,0
5.21090408079535e-06,0,0,0.324998957819184,0,0,0,0
2.23872867580861e-05,1.3899172973557e-16,0,0.324995522535355,6.63655415230102e-12,0,0,0
0.000108266476818168,1.81012736479209e-14,0,0.324978346524713,1.63726335995882e-10,0,0,0
0.000537594349549858,2.23120201230663e-12,0,0.324892476683255,4.04617380207005e-09,0,0,1.73194791841524e-18
0.0026825324710248,2.77726917256613e-10,0,0.324463382676826,1.00798816211873e-07,0,6.77544731571748e-19,9.24724676086085e-16
0.0133647790825538,3.46202649311982e-08,0,0.322324281060002,2.50751838963835e-06,0,2.09680305402249e-15,5.7565071352163e-13
0.0365513992617734,7.1872213803655e-07,6.7046040890198e-19,0.317668852346788,1.88459581560003e-05,1.35233469304324e-16,7.24486195864465e-13,4.62163727179783e-11
0.0657988704290564,4.26807491465622e-06,1.65155205229637e-16,0.311771759237487,6.14510579455225e-05,8.7739556800898e-15,2.02828698879978e-11,5.66914080358278e-10
0.108452272356642,1.96483761200516e-05,8.69488525476607e-15,0.303120078748128,0.000168484058028548,2.27597635838322e-13,2.83630796401796e-10,4.45794078612243e-09
0.154576287542056,5.86569925027573e-05,1.43760277069544e-13,0.293691862955938,0.000345777109663044,2.33557408794162e-12,1.87950789047617e-09,1.95257368843313e-08
0.216966966380945,0.000169405615063739,1.91169483434609e-12,0.280809949378852,0.000690967391268493,2.07357843259753e-11,1.13654721467036e-08,8.09077980194766e-08
0.278557788537956,0.000374840057489698,1.3654314318934e-11,0.267935676946099,0.00115549014525155,1.08295579257736e-10,4.41624351430177e-08,2.35102305865375e-07
0.29317993167533,0.00044177720576351,2.07720258609269e-11,0.264854583556323,0.00128444587751919,1.53368618286855e-10,5.86185963101602e-08,2.93276809746425e-07
0.293262497430356,0.000450646645513812,2.18467219803379e-11,-0.060182021659974,0.00130092367476025,1.59938115927783e-10,6.06579884191089e-08,3.01222656383826e-07
0.292849792611738,0.000459628918312719,2.29672662607167e-11,-0.0601195522569436,0.00131735941898819,1.66734170292517e-10,6.27524325659732e-08,3.09324542663634e-07
0.29079268702305,0.000506222422572599,2.93132149423931e-11,-0.0598080542481722,0.00139879367871776,2.04325054397476e-10,7.40882515171759e-08,3.52240706430179e-07
0.280666121644096,0.000779930116565639,8.6569048532459e-11,-0.0582715692126923,0.00178766252763745,5.08283372070349e-10,1.56779748957305e-07,6.34148698834023e-07
0.267816059374631,0.00123385107000296,2.82518349782455e-10,-0.0563140671292911,0.00225170507090335,1.38251378254613e-09,3.57771655187031e-07,1.20495280431927e-06
0.254955642339282,0.00180822676884635,7.97261431961828e-10,-0.0543454940353262,0.0026820964786546,3.31939414180877e-09,7.33798995957762e-07,2.08879173912158e-06
0.242065150460311,0.00250513211959719,2.01468596733411e-09,-0.052361863838915,0.0030781417052156,7.2394400489262e-09,1.38525009617281e-06,3.37373434122806e-06
0.227819299575932,0.00341701047542359,5.05492337605858e-09,-0.0501562505697415,0.00347318263996014,1.56472229000029e-08,2.58613189397545e-06,5.36870456525278e-06
0.211029901661872,0.00468318992200923,1.33767935209581e-08,-0.0475366700977442,0.00387901831765421,3.52324146112543e-08,4.9707867869674e-06,8.67060216220638e-06
0.190976664216857,0.00646710663983728,3.79000160617433e-08,-0.0443752837704391,0.00427513211303279,8.35728331811303e-08,9.91856594533895e-06,1.42787618377576e-05
0.166417450141956,0.00905273706851188,1.1866875184053e-07,-0.0404466909673076,0.00462130255709524,2.14060129693059e-07,2.09375185689478e-05,2.42444155981609e-05
0.137632046578972,0.0126365826488868,3.96111635312708e-07,-0.0357440395417029,0.00481791814144278,5.73167745533293e-07,4.55050981051294e-05,4.14740968502922e-05
0.107045774200197,0.0170748062783686,1.2876963202929e-06,-0.0305968783948412,0.00475546593639112,1.48626753114385e-06,9.57770151172805e-05,6.82822401701261e-05
0.0813205644899208,0.0212732796389941,3.31944459084727e-06,-0.0261063348042083,0.00445980363147825,3.16296756401346e-06,0.000171772119128175,9.95242350284711e-05
0.0603045754405675,0.0249716567336975,7.11431770563053e-06,-0.0222877857339895,0.00402971480583783,5.77240267859664e-06,0.000272543743701193,0.000132424092139471
0.0427689312696749,0.0281893580621187,1.35309581862235e-05,-0.0189600066803808,0.00352019917451919,9.54028101143498e-06,0.000399604688541914,0.000165997493061622
0.0279865282162492,0.0309355854110328,2.36807361625699e-05,-0.0160167261551586,0.00296464725893176,1.4711310913857e-05,0.000554349858202328,0.000199349097139949
0.0151137640006838,0.0332795905824256,3.95954990311721e-05,-0.0133091636838978,0.00236652785502681,2.18052965542468e-05,0.000744519410750656,0.000232645446464087
0.00412543879918192,0.0351541866322849,6.3592354505939e-05,-0.0108434834619587,0.00174933906337819,3.12022416118983e-05,0.000971465719685257,0.000264449523298601
-0.0032160057621454,0.0362653974381105,8.99355642694106e-05,-0.00907920138223639,0.00126540433173057,4.04244450128352e-05,0.00117533842154029,0.000287424653364606
-0.00932597360301411,0.0370273841617641,0.000123635331928772,-0.00750433321723496,0.000804050294133504,5.11353919969742e-05,0.00139509041279395,0.000307415083737471
-0.0152818541720005,0.037510438051493,0.000176028973540864,-0.00582484549168422,0.000282308438552069,6.61477906183311e-05,0.00167986998423527,0.000327172134174329
-0.0202846169336712,0.0375246628310673,0.000251603916541505,-0.00422308034764028,-0.000242521505560104,8.54280281579936e-05,0.00201549907372348,0.000342900683438146
-0.023816121915977,0.0370466665444508,0.000347730203356006,-0.00287748147814409,-0.000701901421506358,0.000107204654545176,0.00236339161467933,0.000351700270337567
-0.0261176746306184,0.0361431018788203,0.000466776858972004,-0.0017587459506299,-0.00109383469961166,0.000131208984394026,0.00271659346745938,0.000353559894501179
-0.0274025699405364,0.0348812941370182,0.000610801943250171,-0.000840120591120937,-0.0014188626479393,0.000157090398921651,0.00306826068631169,0.000348703213965999
-0.0278585302534765,0.03332704590776,0.000781478058707841,-9.71852113047043e-05,-0.00167940284221856,0.00018443143082721,0.0034118713840339,0.00033754322706656
-0.0276499479415118,0.0315430322314058,0.000980033666737088,0.000492324020708762,-0.00187922432150692,0.000212764144044716,0.00374139276695332,0.000320638180172639
-0.0270892385123678,0.0299622947531912,0.00116269784067917,0.000872853676360558,-0.00200025999665942,0.000236204104085295,0.00399537130258841,0.000303099900322818
-0.02625130253007,0.0282972200650462,0.00136447352022842,0.00117523406556253,-0.00208702303076574,0.000259689810541533,0.00423383940361769,0.000282585049524485
-0.0249296970981498,0.0261746889193512,0.00163849143755969,0.00145334587833444,-0.00215113904318845,0.000288199675550366,0.00450234396200745,0.000253899614658111
-0.0233754434430998,0.0240092724701199,0.00194062556825395,0.00164285019263541,-0.00217376428137648,0.000315838644457689,0.00474054506647151,0.000222107532354056
-0.0216700387330747,0.0218395861779037,0.00226975514512348,0.00175772069369465,-0.00216062049861968,0.000342112402531554,0.00494571941151774,0.00018797049600839
-0.0198817587137275,0.0196985861458796,0.00262428004197462,0.00181044276945597,-0.00211728732003249,0.000366558095566945,0.00511589251307671,0.000152221888074109
-0.0180670963272942,0.0176137687676166,0.00300215702817019,0.00181211266735272,-0.00204909188159634,0.000388753578604998,0.00524980239018155,0.000115551455654301
-0.0162721019473959,0.0156074658356415,0.00340094427390794,0.00177253511763069,-0.00196102754219215,0.00040832467770905,0.00534685001166785,7.85940857244103e-05
-0.0145336266928101,0.0136972083088467,0.00381785213645271,0.00170031950478564,-0.00185769722205406,0.000424950508675834,0.00540704037189744,4.19222035317188e-05
-0.0128804703861979,0.0118961360991966,0.00424979833169699,0.00160297432452365,-0.00174327746665329,0.000438366954505352,0.00543091756627633,6.04128907057751e-06
-0.0113344360944107,0.0102134349183015,0.00469346571975584,0.00148699946647034,-0.00162149976416184,0.000448368446199615,0.0054194967308191,-2.86119926191693e-05
-0.00991129369656974,0.00865478451015052,0.00514536109347126,0.00135797577710164,-0.00149564601023793,0.000454808220717606,0.00537419521569366,-6.1669529156419e-05
-0.00862165547921519,0.0072228055347754,0.00560187354215218,0.00122065135167183,-0.00136855534583384,0.000457597247549053,0.00529676489857232,-9.28298113295277e-05
-0.00747176728800051,0.00591749498426464,0.00605933115894448,0.00107902405185185,-0.00124263990674749,0.000456702023281722,0.00518922712129744,-0.000121854695451912
-0.00646421923004651,0.00473664232306842,0.00651405506011753,0.000936419826119439,-0.00111990732311007,0.000452141433562006,0.00505381135916492,-0.000148565226752212
-0.00559858029627252,0.00367622056210647,0.0069624098812511,0.000795566506388661,-0.00100198809320182,0.00044398287569063,0.00489289840827969,-0.00017283682257016
-0.00487196154890908,0.00273074821499948,0.00740085010340826,0.000658662855106048,-0.000890166226888213,0.000432337824287127,0.00470896860219617,-0.000194594065627883
-0.00427951269595821,0.00189361956142235,0.0078259617379257,0.000527442734019738,-0.000785411806929231,0.000417357008340251,0.00450455534163709,-0.000213805312680935
-0.00381485695808544,0.00115740187626905,0.00823449905871981,0.000403234354016061,-0.000688414349130762,0.000399225351678477,0.00428220403644078,-0.000230477283350241
-0.0034704691345999,0.0005140992951186,0.00862341621432097,0.000287014642102027,-0.000599616053211764,0.000378156811396426,0.00404443641232327,-0.000244649758295376
-0.00323800170593457,-4.4616201360503e-05,0.00898989367739163,0.00017945882575241,-0.000519244224635413,0.000354389230829891,0.00379372002165948,-0.000256390485135586
-0.00310856368293675,-0.000527205566378488,0.00933135959712889,8.09853865399923e-05,-0.000447342313549446,0.000328179305892577,0.00353244271249944,-0.000265790364432173
-0.00307295674038866,-0.000942093631539912,0.00964550621010406,-8.20342495074129e-06,-0.000383799161082151,0.000299797746437157,0.00326289174896015,-0.000272958966236946
-0.00312187296452617,-0.0012975282726088,0.00993030153856007,-8.8085291246218e-05,-0.000328376166688417,0.000269524698122824,0.00298723723491097,-0.000278020409733886
-0.00324605831162398,-0.00160146561947146,0.0101839966630675,-0.000158785504799384,-0.000280732194486303,0.000237645475300032,0.00270751946790715,-0.000281109623878881
-0.00343644562527994,-0.00186147899581583,0.0104051289000223,-0.00022054836411068,-0.000240446123202721,0.000204446641810691,0.00242563983850251,-0.000282368995211347
-0.00368426080081016,-0.00208468921523029,0.0105925212451567,-0.000273712027027524,-0.00020703701517294,0.000170212464430862,0.00214335488871383,-0.00028194539974181
-0.00398110542186193,-0.00227771386523603,0.0107452784634877,-0.000318686557478814,-0.000179981936539798,0.000135221752977154,0.00186227315025454,-0.000279987608624624
-0.00431901893155798,-0.00244663326593025,0.0108627802154013,-0.000355934904381172,-0.00015873150506283,9.97450918408879e-05,0.0015838543962996,-0.000276644051867228
-0.00469052314185232,-0.00259697088380951,0.0109446716092952,-0.000385956557159214,-0.000142723275387517,6.40424598521134e-05,0.0013094109584013,-0.00027206092031569
-0.00508865163315421,-0.00273368610390692,0.0109908515647292,-0.0004092736305251,-0.000131393095758256,2.83612288358743e-05,0.00104011078142671,-0.000266380583342872
-0.00550696635384989,-0.00286117740601954,0.0110014593576459,-0.000426419141262461,-0.000124184586391712,-7.06547408893478e-06,0.000776981912942043,-0.000259740297841167
-0.00593956349776319,-0.00298329414627778,0.0109768597020996,-0.000437927251262492,-0.000120556899350105,-4.20200596027308e-05,0.000520918148428759,-0.00025227118310934
-0.00638107051803923,-0.00310335530759985,0.0109176267021303,-0.000444325263559725,-0.000119990923933702,-7.6301446974019e-05,0.000272685579345942,-0.000244097435873387
-0.0068266359292347,-0.00322417374677149,0.0108245269839256,-0.000446127171278914,-0.000121994101395376,-0.000109725737108963,3.29298167549674e-05,-0.000235335759867984
-0.00727191335607562,-0.00334808462807024,0.0106985022930542,-0.000443828572955084,-0.000126104009093228,-0.000142126613892075,-0.00019781631148453,-0.000226094985020228
-0.00771304110766694,-0.00347697689045878,0.0105406518150875,-0.000437902781398517,-0.000131890867851657,-0.000173355500623482,-0.000419124767435786,-0.000216475852229236
-0.00814661838996866,-0.00361232674510257,0.0103522144509894,-0.000428797966951551,-0.000138959117996187,-0.000203281498543163,-0.00063066416779512,-0.000206570940944413
-0.00856967911697226,-0.00375523234067038,0.0101345512517814,-0.000416935189465814,-0.000146948199860363,-0.000231791134123655,-0.000832191638555855,-0.000196464718144317
-0.00897966414195809,-0.00390644886444723,0.00988912819064346,-0.000402707186482563,-0.00015553266403444,-0.000258787941097381,-0.00102354477095217,-0.000186233688848605
-0.00937439260410245,-0.00406642346708059,0.00961749942513987,-0.000386477797814362,-0.000164421725648878,-0.000284191902141681,-0.00120463377094534,-0.000175946629907558
-0.00975203297204901,-0.00423532950751493,0.00932129117797497,-0.000368581918913928,-0.000173358365894829,-0.000307938773848582,-0.00137543387708576,-0.000165664890464947
-0.0101110742642968,-0.0044130997123728,0.00900218634178412,-0.000349325887004369,-0.000182118073043963,-0.000329979317119432,-0.00153597810581019,-0.000155442744144797
-0.0104502978357587,-0.00459945793096725,0.00866190989213137,-0.000328988214878948,-0.000190507304643862,-0.000350278453504653,-0.00168635036910364,-0.000145327779641197
-0.0107687500399355,-0.00479394924371461,0.00830221517321227,-0.000307820597520278,-0.00019836174248387,-0.000368814366305748,-0.00182667899692987,-0.000135361317968953
-0.0110657160061255,-0.00499596824851927,0.00792487110281577,-0.000286049126212645,-0.0002055444024559,-0.000385577563511686,-0.00195713068585504,-0.000125578846142247
-0.0113406947102233,-0.00520478540737064,0.00753165032690426,-0.000263875653615738,-0.000211943652644094,-0.000400569917891872,-0.00207790488577672,-0.000116010458474264
-0.011593375465221,-0.00541957138462857,0.0071243183397159,-0.00024147926133188,-0.000217471184904866,-0.000413803697842247,-0.00218922862853853,-0.000106681298022193
-0.0118236159127926,-0.00563941935000362,0.00670462357254063,-0.000219017788841784,-0.000222059977858726,-0.000425300600904757,-0.00229135179535905,-9.76119919322504e-05
-0.0120314215595893,-0.00586336525379378,0.00627428844321268,-0.000196629389322911,-0.000225662282602629,-0.000435090800272324,-0.00238454281432983,-8.88190755643427e-05
-0.012216926870426,-0.00609040611023811,0.00583500134882058,-0.000174434083824507,-0.000228247656545691,-0.000443212013066568,-0.00246908477463531,-8.03154012942509e-05
-0.0123803779047187,-0.00631951634758226,0.00538840957607166,-0.000152535290584906,-0.000229801065542557,-0.000449708597745872,-0.00254527194051007,-7.21105288037835e-05
-0.0125221164617151,-0.00654966230127966,0.0049361130970644,-0.000131021310973868,-0.000230321069908213,-0.000454630686673198,-0.00261340664517251,-6.42110944784615e-05
-0.0126425656836511,-0.00677981494029207,0.00447965921281126,-0.000109966757664448,-0.000229818105903368,-0.000458033358652159,-0.00267379654295627,-5.66211582423962e-05
-0.0127422170534006,-0.00700896092627728,0.0040205380026122,-8.94339142243064e-05,-0.000228312870834098,-0.000459975855127815,-0.00272675219650602,-4.93425267757543e-05
-0.0128216187139636,-0.00723611211208581,0.00356017853419255,-6.94740184077362e-05,-0.000225834816966741,-0.000460520842745818,-0.00277258497511979,-4.23750525878541e-05
-0.012881365030769,-0.00746031358991082,0.00309994578728231,-5.01284640683046e-05,-0.000222420756971996,-0.000459733724067687,-0.0028116052400227,-3.57169088647223e-05
-0.0129220873138354,-0.00768065040108057,0.00264113824192007,-3.14299188390607e-05,-0.000218113581534774,-0.000457681997448246,-0.00284412079246657,-2.93648403806625e-05
-0.0129444456149321,-0.00789625301923606,0.00218498608211266,-1.34033565837265e-05,-0.000212961088055548,-0.000454434666389818,-0.00287043556099576,-2.3314391066002e-05
-0.0129491215146787,-0.00810630171684493,0.00173264996547345,3.93299485324308e-06,-0.000207014917981976,-0.000450061698089813,-0.0028908485049371,-1.75601090645335e-05
-0.012936811815679,-0.00831002992197038,0.00128522031000627,2.05667888401231e-05,-0.000200329599208997,-0.000444633530390091,-0.00290565271210278,-1.20957303009081e-05
-0.0129082230600514,-0.00850672666820782,0.000843717050213491,3.6490775366895e-05,-0.000192961689134011,-0.000438220625910118,-0.00291513466978762,-6.91434171702307e-06
-0.0128640667928311,-0.00869573823595603,0.000409089816105653,5.17020931983655e-05,-0.000184969013318947,-0.000430893071795389,-0.00291957368935328,-2.00852543318097e-06
-0.0128050554964816,-0.00887646907790348,-1.778150959606e-05,6.62016347522951e-05,-0.00017640999426244,-0.000422720223231951,-0.00291924146598009,2.62951484939335e-06
-0.0127318991259676,-0.00904838211595782,-0.000436085898809529,7.99934793049299e-05,-0.000167343064495389,-0.000413770388658879,-0.00291440175650104,7.00784385831218e-06
-0.0126453021783744,-0.00921099849097262,-0.000845079990585631,9.30843898892617e-05,-0.000157826158057394,-0.000404110554448567,-0.00290531015958268,1.11346998214188e-05
-0.012545961235754,-0.00936389684065333,-0.00124408664704823,0.000105483369135218,-0.000147916274367786,-0.000393806146712111,-0.00289221398386108,1.50184132665313e-05
-0.0124345629246471,-0.00950671217505641,-0.00163249328870191,0.000117201269282787,-0.000137669108553611,-0.000382920827818474,-0.00287535219095806,1.8667338250679e-05
-0.0123117822404727,-0.00963913441321466,-0.00200975004259965,0.000128250451662122,-0.000127138742420038,-0.000371516325185289,-0.00285495540157869,2.20897947682546e-05
-0.012178281189624,-0.009760906638695,-0.00237536773441961,0.000138644491061176,-0.000116377390431937,-0.000359652289901636,-0.00283124595411272,2.52940211460996e-05
-0.0120347077066019,-0.00987182312637564,-0.00272891575307321,0.000148397920578607,-0.00010543519530436,-0.00034738618277283,-0.00280443800632186,2.82881353000333e-05
-0.0118816948078157,-0.00997172718745707,-0.00307001981408206,0.000157526012773584,-9.43600680634073e-05,-0.000334773185430533,-0.00277473767178489,3.10801037989114e-05
-0.011719859947751,-0.0100605088747258,-0.00339835964563909,0.000166044593165451,-8.31975677273418e-05,-0.000321866134223298,-0.00274234318378886,3.36777177572298e-05
-0.0115498045470201,-0.0101381025853913,-0.00371366661902732,0.000173969882394774,-7.19908160621719e-05,-0.000308715474690477,-0.00270744508029582,3.60885746535682e-05
-0.0113721136653679,-0.010204484594427,-0.00401572134292126,0.000181318363626436,-6.07804431788494e-05,-0.000295369234520889,-0.00267022640447858,3.83200652485488e-05
-0.0111873557959867,-0.0102596705472718,-0.00430435123905094,0.000188106672047448,-4.96045600555097e-05,-0.000281873013006129,-0.00263086291610778,4.03793648509905e-05
-0.0109960827605059,-0.0103037129369899,-0.004579428114775,0.000194351503583665,-3.8498754381432e-05,-0.000268269985111958,-0.00258952330978729,4.22734282540084e-05
-0.0107988296867652,-0.0103366985875357,-0.00484086574629159,0.000200069540224439,-2.74961064270132e-05,-0.000254600918409208,-0.00254636943667745,4.40089877327442e-05
-0.0105961150539601,-0.0103587461616295,-0.00508861748451701,0.000205277389600505,-1.66272219416985e-05,-0.00024090420122509,-0.00250155652692085,4.5592553561965e-05
-0.0103884407919819,-0.0103700037088896,-0.00532267389408281,0.00020999153670524,-5.92027936757202e-06,-0.000227215880495496,-0.00245523341049519,4.70304165744607e-05
-0.0101762924237657,-0.0103706462672968,-0.00554306043444196,0.000214228305880459,4.59891107186137e-06,-0.000213569707916905,-0.00240754273466717,4.83286523395709e-05
-0.00996013924123063,-0.0103608735287535,-0.00574983519073153,0.000218003831404802,1.49068385917805e-05,-0.000199997193112239,-0.00235862117661486,4.9493126595385e-05
-0.00974043450695446,-0.0103409075774378,-0.00594308666081013,0.000221334035223693,2.49822153186542e-05,-0.000186527662637305,-0.00230859965012685,5.0529501617852e-05
-0.0095176156750935,-0.0103109907078224,-0.00612293160376887,0.00022423461054578,3.48058937353303e-05,-0.000173188323761647,-0.00225760350558052,5.14432432555488e-05
-0.00929210462624739,-0.0102713833276146,-0.00628951295420092,0.00022672101020007,4.43607796117539e-05,-0.000160004332061017,-0.00220575272265178,5.22396283999188e-05
-0.00906430791199467,-0.0102223619494542,-0.00644299780560067,0.000228808438802253,5.36317417439971e-05,-0.000146998861955833,-0.00215316209542035,5.29237526978289e-05
-0.00883461700570711,-0.0101642172739747,-0.00658357546544454,0.000230511847917933,6.2605519650507e-05,-0.000134193179421989,-0.00209994140971045,5.35005383464253e-05
-0.00860340855699863,-0.0100972523657627,-0.00671145558377506,0.000231845933534921,7.12706302162542e-05,-0.000121606716186131,-0.00204619561265242,5.39747418395562e-05
-0.00837104464779656,-0.0100217809228334,-0.00682686635646308,0.00023282513526802,7.96172741323441e-05,-0.000109257144798026,-0.0019920249745677,5.4350961560975e-05
-0.00813787304854911,-0.00993812563945694,-0.00693005280375238,0.000233463636817389,8.76372428500393e-05,-9.71604540464998e-05,-0.0019375252433734,5.4633645142036e-05
-0.00790422747351804,-0.00984661666151278,-0.00702127512419292,0.000233775367288255,9.53238266528083e-05,-8.53310242541025e-05,-0.00188278779177443,5.48270965213359e-05
-0.00767042783445913,-0.00974759013299344,-0.00710080712363544,0.00023377400305444,0.000102671724347525,-7.37817020483385e-05,-0.00182789975756555,5.49354826605343e-05
-0.0074367804922775,-0.00964138683182901,-0.00716893471858725,0.000233472969913632,0.000109676954985153,-6.2523874264612e-05,-0.00177294417740356,5.49628398850635e-05
-0.00720357850646828,-0.00952835089283083,-0.0072259545129107,0.000232885445337666,0.000116336771940936,-5.15675406881795e-05,-0.00171800011443541,5.4913079830465e-05
-0.00697110188232516,-0.00940882861526034,-0.00727217244657702,0.000232024360669283,0.000122649579614298,-4.09213853895284e-05,-0.00166314278018171,5.47899949853678e-05
-0.00673961781602768,-0.00928316735229939,-0.007307902514964,0.000230902403156404,0.00012861485294733,-3.0592846449701e-05,-0.00160844365107995,5.45972638303176e-05
-0.0065093809378094,-0.00915171447952691,-0.00733346555700233,0.000229532017748959,0.000134233059907814,-2.05881839106306e-05,-0.00155397058008894,5.43384555785459e-05
-0.00628063355347013,-0.00901481643938388,-0.00734918811032698,0.00022792540861074,0.000139505587037368,-1.09125458186692e-05,-0.00149978790374726,5.40170345300665e-05
-0.00605360588453102,-0.00887281785852824,-0.00735540133147436,0.000226094540321521,0.000144434668126033,-1.57003226012795e-06,-0.00144595654506482,5.36363640547084e-05
-0.00582851630734681,-0.00872606073493681,-0.00735243997907739,0.000224051138762593,0.000149023316041813,7.43624268640351e-06,-0.00139253411260931,5.31997102227705e-05
-0.00560557159148881,-0.00857488369159704,-0.00734064145794806,0.000221806691693497,0.000153275257715872,1.61040911326163e-05,-0.00133957499612973,5.27102451043112e-05
-0.00538496713769898,-0.00841962129364291,-0.0073203449218951,0.000219372449038304,0.000157194872260619,2.44321937296259e-05,-0.00128713045903713,5.2171049759487e-05
-0.00516688721569257,-0.00826060342582159,-0.00729189043310197,0.000216759422908111,0.000160787132179073,3.24200441978886e-05,-0.00123524872803976,5.15851169432466e-05
-0.00495150520205718,-0.00809815472722737,-0.00725561817588372,0.000213978387392302,0.00016405754760814,4.00678960368899e-05,-0.00118397508020666,5.09553535480506e-05
-0.00473898381846161,-0.00793259408030318,-0.00721186772264898,0.000211039878154691,0.000167012113525927,4.73767114010841e-05,-0.00113335192770968,5.0284582808139e-05
-0.00452947537035044,-0.0077642341511849,-0.00716097734991226,0.000207954191872929,0.000169657259843313,5.43481121175303e-05,-0.00108341890047087,4.9575546288452e-05
-0.00432312198626134,-0.00759338097854744,-0.00710328340223097,0.000204731385560471,0.000171999804292664,6.09843328116948e-05,-0.00103421292691916,4.8830905680624e-05
-0.00412005585786309,-0.00742033360820174,-0.00703911970197903,0.000201381275809916,0.000174046908020556,6.72881761007667e-05,-0.000985768313038674,4.80532444274883e-05
-0.00392039948077379,-0.00724538377078685,-0.00696881700291249,0.000197913437995752,0.000175806033787912,7.32629698073342e-05,-0.000938116819869572,4.72450691965298e-05
-0.00372426589618151,-0.00706881559999935,-0.00689270248553248,0.000194337205472699,0.000177284906677926,7.89125261418939e-05,-0.000891287739602984,4.64088112215111e-05
-0.00353175893325461,-0.0068909053889027,-0.00681109929230393,0.000190661668803447,0.000178491477211271,8.42411027990338e-05,-0.00084530797039264,4.55468275301943e-05
-0.00334297345229636,-0.0067119213819598,-0.00672432610084539,0.000186895675047573,0.000179433886767413,8.92533659087575e-05,-0.000800202089988688,4.46614020749178e-05
-0.00315799558856798,-0.00653212360053334,-0.0066326967332646,0.000183047827140069,0.000180120435211221,9.3954354783799e-05,-0.000755992428283036,4.37547467813369e-05
-0.00297690299667749,-0.00635176369969831,-0.00653651979987442,0.000179126483385532,0.00018055955062553,9.83494484008906e-05,-0.000712699138840905,4.28290025294663e-05
-0.00279976509540666,-0.00617108485431012,-0.0064360983755858,0.000175139757090945,0.000180759761051569,0.000102444333555159,-0.000670340269479766,4.18862400798472e-05
-0.00262664331282766,-0.00599032167236847,-0.00633172970733594,0.000171095516356901,0.000180729668141385,0.00010624497462534,-0.000628931831944647,4.09284609563928e-05
-0.00245759133154161,-0.00580970013381204,-0.00622370495097121,0.000167001384044755,0.00018047792262896,0.000109757584888525,-0.000588487870717803,3.99575982964083e-05
-0.00229265533385605,-0.005629437552971,-0.00611230893606584,0.000162864737933947,0.000180013201528929,0.000112988599324097,-0.000549020530990851,3.89755176770365e-05
-0.0021318742467049,-0.00544974256299388,-0.00599781995721729,0.000158692711081339,0.000179344186975216,0.000115944648846774,-0.000510540125818738,3.79840179263762e-05
-0.0019752799861039,-0.0052708151206517,-0.00588050959041816,0.000154492192392091,0.000178479546614339,0.000118632535910871,-0.00047305520246715,3.69848319265605e-05
-0.00182289770092644,-0.00509284653000595,-0.00576064253316224,0.000150269827408916,0.000177427915471806,0.000121059211428558,-0.000436572607958174,3.59796274150687e-05
-0.00167474601577876,-0.00491601948350691,-0.00563847646699836,0.000146032019324696,0.000176197879212487,0.000123231752947044,-0.000401097553813209,3.4970007789742e-05
-0.00153083727274942,-0.00474050811916644,-0.00551426194130025,0.000141784930221436,0.000174797958719603,0.000125157344030887,-0.000366633679986986,3.39575129221774e-05
-0.00139117777180621,-0.00456647809252309,-0.00538824227707292,0.000137534482536443,0.000173236595919812,0.000126843254798085,-0.000333183117982346,3.29436199833658e-05
-0.00125576800961321,-0.00439408666218849,-0.00526065348966743,0.000133286360755454,0.000171522140784994,0.000128296823559426,-0.000300746553131836,3.19297442848846e-05
-0.00112460291654224,-0.0042234827878314,-0.00513172422932453,0.000129046013330334,0.000169662839444553,0.000129525439513563,-0.000269323286029218,3.09172401381885e-05
-0.000997672091655341,-0.00405480723952107,-0.00500167573851493,0.000124818654818254,0.000167666823345065,0.000130536526451266,-0.000238911293091708,2.99074017341333e-05
-0.000874960035439468,-0.00388819271741276,-0.00487072182508938,0.000120609268237516,0.000165542099396943,0.000131337527424683,-0.000209507286231925,2.89014640442247e-05
-0.000756446380079064,-0.00372376398081728,-0.00473906885029479,0.000116422607634536,0.000163296541050878,0.000131935890338983,-0.000181106771617203,2.79006037447199e-05
-0.000642106117058904,-0.00356163798575234,-0.00460691573075463,0.000112263200855302,0.000160937880249407,0.000132339054425778,-0.00015370410749309,2.6905940164233e-05
-0.000531909821896129,-0.00340192403012665,-0.00447445395355143,0.000108135352514007,0.000158473700201982,0.000132554437559318,-0.000127292561047303,2.5918536255169e-05
-0.000425823875808424,-0.00324472390575809,-0.00434186760358737,0.000104043147150791,0.00015591142893415,0.00013258942437811,-0.000101864364290337,2.49393995889646e-05
-0.000323810684133497,-0.00309013205647533,-0.00420933340243545,9.99904525697569e-05,0.000153258333564487,0.000132451355176564,-7.74107689290442e-05,2.39694833747763e-05
-0.00022582889132409,-0.00293823574159732,-0.00407702075792844,9.59809233483749e-05,0.000150521515264842,0.000132147515532345,-5.39221002099925e-05,2.30096875011061e-05
-0.000131833592351884,-0.00278911520412864,-0.00394509182376615,9.20180045084552e-05,0.000147707904862412,0.0001316851266372,-3.13878097100654e-05,2.20608595995014e-05
-4.17765403637171e-05,-0.00264284384304866,-0.00381370156845336,8.81049353390236e-05,0.000144824259043702,0.00013107133629983,-9.79652705271348e-06,2.11237961293816e-05
4.43936495567934e-05,-0.00249948838911145,-0.00368299785291112,8.42447533607213e-05,0.000141877157123368,0.000130313210591697,1.08638894707021e-05,2.01992434827645e-05
0.000126731300658649,-0.0023591090836096,-0.00355312151613302,8.0440298421778e-05,0.000138872998342312,0.000129417726106635,3.06063033937411e-05,1.92878991076661e-05
0.000205293478950111,-0.00222175985958923,-0.003424206468286,7.66942169147493e-05,0.000135817999661881,0.000128391762807847,4.94442516998198e-05,1.83904126486475e-05
0.00028013980189825,-0.00208748852503626,-0.0032963797906816,7.30089661038088e-05,0.00013271819402255,0.000127242097436046,6.73918975956739e-05,1.75073871030404e-05
0.000351332251506716,-0.00195633694758418,-0.00316976184206891,6.93868185520673e-05,0.000129579429037463,0.000125975397453801,8.44639844482228e-05,1.66393799912258e-05
0.0004189349918664,-0.00182834124032284,-0.00304446637072488,6.58298666384196e-05,0.000126407366092762,0.000124598215502769,0.000100675790898027,1.57869045392757e-05
0.000483014191263504,-0.00170353194831454,-0.00292060063184071,6.23400271536546e-05,0.000123207479828375,0.00012311698435071,0.000116043087160878,1.49504308722546e-05
0.000543637848919013,-0.00158193423544976,-0.0027982655097254,5.89190459655751e-05,0.000119985057974271,0.000121538012306596,0.000130582092527281,1.41303872164188e-05
0.000600875626423692,-0.00146356807129882,-0.00267755564436881,5.556850274314e-05,0.000116745201518743,0.000119867479083152,0.000144309434067868,1.33271611085589e-05
0.000654798683922519,-0.00134844841763848,-0.0025585595619271,5.22898157296855e-05,0.000113492825186632,0.000118111432086527,0.000157242106550967,1.25411006106864e-05
0.000705479521092965,-0.00123658541435431,-0.00244135980871287,4.90842465557465e-05,0.000110232658206526,0.000116275783113913,0.000169397433576813,1.17725155283319e-05
0.000752991822951881,-0.00112798456443957,-0.00232603308829147,4.59529050819384e-05,0.00010696924534741,0.000114366305440718,0.000180793029931117,1.10216786306588e-05
0.000797410310516567,-0.00102264691783062,-0.00221265040130283,4.28967542629899e-05,0.00010370694820605,0.000112388631279575,0.000191446765158952,1.02888268707115e-05
0.000838810596336698,-0.000920569253836924,-0.00210127718764569,3.99166150239366e-05,0.000100449946727684,0.000110348249593687,0.000201376728358226,9.57416260405561e-06
0.000877269044905051,-0.00082174426194072,-0.00199197347067797,3.7013171140155e-05,9.72022409435174e-05,0.000108250504248634,0.000210601194190327,8.87785480419633e-06
0.000912862637946669,-0.00072616072075734,-0.00188479400310302,3.41869741129904e-05,9.39676529092929e-05,0.000106100592486192,0.000219138590103877,8.20004027314767e-06
0.000945668844578215,-0.000633803674962689,-0.00177978841422732,3.14384480331278e-05,9.0749828830243e-05,0.000103903563705249,0.000227007464765988,7.5408248455878e-06
0.000975765496321404,-0.000544654610008435,-0.00167700135828996,2.87678944242579e-05,8.7552241358433e-05,0.000101664318534797,0.000234226457693834,6.90028458510943e-06
0.00100323066694727,-0.000458691624459218,-0.00157647266357912,2.61754970599255e-05,8.43781920493152e-05,9.93876081848367e-05,0.000240814270077926,6.27846697112683e-06
0.00102814255712104,-0.000375889599799068,-0.00147823748206445,2.36613267467932e-05,8.12308139647761e-05,9.70780340613651e-05,0.000246789636787036,5.67539207506374e-06
0.00105057938381072,-0.000296220367566365,-0.00138232643928795,2.12253460678211e-05,7.81130744110284e-05,9.47400476320469e-05,0.00025217129954339,5.09105372448825e-06
0.00107061927441631,-0.000219652873688377,-0.00128876578426929,1.88674140795012e-05,7.5027777799909e-05,9.23779505299384e-05,0.000256977981255463,4.52542065399615e-06
0.0010883401655709,-0.000146153339897265,-0.0011975775391937,1.65872909571944e-05,7.19775686228387e-05,8.99958948824035e-05,0.000261228361494516,3.97843764160341e-06
0.00110381970655889,-7.56854221200599e-05,-0.00110877964866335,1.43846425836397e-05,6.89649345273166e-05,8.7597883853264e-05,0.000264941053099848,3.45002662963977e-06
0.00111713516729222,-8.21036574500642e-06,-0.00102238612830475,1.22590450752537e-05,6.59922094861026e-05,8.51877723867797e-05,0.000268134579896717,2.94008782900998e-06
0.00112836335077983,5.63128423238241e-05,-0.000938407212536262,1.02099892419846e-05,6.30615770500469e-05,8.27692681416513e-05,0.000270827355509836,2.44850080595258e-06
0.00113758051002196,0.000117927324902693,-0.000856849501310935,8.23688497617899e-06,6.01750736753837e-05,8.03459326044316e-05,0.00027303766325447,1.97512555033997e-06
0.00114486226925624,0.000176678169125557,-0.000777716105660892,6.33906556687925e-06,5.7334592117454e-05,7.79211823715092e-05,0.000274783637086299,1.51980352478153e-06
0.00115028354947905,0.000232612284464781,-0.000701006791879631,4.51579193552374e-06,5.45418848824039e-05,7.54982905895167e-05,0.000276083243590406,1.08235869367547e-06
0.00115391849816224,0.000285778264229453,-0.000626718124188947,2.76625679035685e-06,5.1798567729479e-05,7.30803885440183e-05,0.000276954264989078,6.62598531665272e-07
0.00115584042308207,0.000336226250588139,-0.00055484360574708,1.08958869615618e-06,4.91061232163356e-05,7.06704673869433e-05,0.000277414283147456,2.6031501078013e-07
0.0011561217301746,0.000384007803155477,-0.000485373817863963,-5.15143943074722e-07,4.64659042803925e-05,6.82713799933579e-05,0.000277480664555445,-1.24714434219644e-07
0.00115483386532918,0.00042917577117538,-0.000418296557298845,-2.0489289908319e-06,4.38791378494764e-05,6.58858429385248e-05,0.00027717054626388,-4.92725962785527e-07
0.00115204726002959,0.000471784169326767,-0.000353596971524405,-3.51280677638463e-06,4.13469284753145e-05,6.35164385864033e-05,0.000276500822752404,-8.43968408252289e-07
0.00114783128075056,0.00051188805717164,-0.000291257691850174,-4.90786638618703e-06,3.88702619836181e-05,6.11656172811758e-05,0.000275488133706188,-1.17870238055337e-06
0.00114225418201549,0.000549543422259059,-0.000231258964306325,-6.23524204996714e-06,3.6450009134944e-05,5.88356996336838e-05,0.000274148852678261,-1.49719939229048e-06
0.00113538306302023,0.000584807066892979,-0.000173578778197047,-7.49610962289178e-06,3.40869292906093e-05,5.65288788945526e-05,0.000272499076613987,-1.79974100843762e-06
0.00112728382772629,0.000617736498566255,-0.0001181929922405,-8.69168316455635e-06,3.17816740781795e-05,5.42472234066229e-05,0.00027055461621395,-2.08661801980991e-06
0.00111802114832627,0.000648389824057812,-6.50754582198558e-05,-9.82321161572907e-06,2.9534791051613e-05,5.19926791291971e-05,0.000268330987111413,-2.35812964047404e-06
0.00110765843198336,0.000676825647185054,-1.41981420772666e-05,-1.08919755734569e-05,2.73467273406869e-05,4.97670722268173e-05,0.000265843401840362,-2.61458272920456e-06
0.00109625779074658,0.000703102970198575,3.44687576104746e-05,-1.18992841645515e-05,2.52178332854552e-05,4.75721117158991e-05,0.000263106762570058,-2.85629103495226e-06
0.00108388001454294,0.000727281098801795,8.09566938289309e-05,-1.28464720181518e-05,2.31483660509342e-05,4.54093921624245e-05,0.000260135654582068,-3.08357446645673e-06
0.00107058454714784,0.000749419550773656,0.000125298658043632,-1.37348963367788e-05,2.11384932178759e-05,4.32803964244702e-05,0.000256944340465682,-3.29675838583106e-06
0.00105642946503502,0.000769577968168391,0.000167529069879914,-1.45659340660603e-05,1.91882963454781e-05,4.1186498433131e-05,0.000253546755007744,-3.49617292613218e-06
0.00104147145900766,0.00078781603306243,0.000207683669600622,-1.53409791626156e-05,1.72977745022669e-05,3.91289660062635e-05,0.000249956500752978,-3.68215233276788e-06
0.00102576581851268,0.000804193386814666,0.000245799413411386,-1.60614399596066e-05,1.54668477614817e-05,3.710896368919e-05,0.000246186844211056,-3.85503432859779e-06
0.00100936641854097,0.000818769552802916,0.000281914371617899,-1.67287366293197e-05,1.36953606574809e-05,3.51275556170109e-05,0.000242250712686773,-4.0151595025532e-06
0.000992325709016749,0.000831603862595918,0.000316067629654029,-1.73442987420363e-05,1.19830855998751e-05,3.31857083930863e-05,0.000238160691709933,-4.16287072157795e-06
0.000974694706580401,0.000842755385517103,0.000348299191994586,-1.79095629202173e-05,1.03297262425099e-05,3.12842939791933e-05,0.000233929023041738,-4.2985125656374e-06
0.00095652298866973,0.000852282861553474,0.000378649888961808,-1.84259705870481e-05,8.73492080417546e-06,2.9424092591968e-05,0.000229567603234721,-4.42243078555009e-06
0.000937858689806007,0.000860244637560009,0.000407161286429798,-1.88949658083167e-05,7.19824533866484e-06,2.76057956016168e-05,0.00022508798272356,-4.53497178337987e-06
0.000918748499992046,0.000866698606707649,0.000433875598426802,-1.93179932261997e-05,5.71921695137153e-06,2.58300084282842e-05,0.000220501365424356,-4.63648211503241e-06
0.000899237665130894,0.000871702151120276,0.000458835602630995,-1.96964960839658e-05,4.2972969603908e-06,2.40972534320298e-05,0.000215818608820317,-4.72730801480576e-06
0.000879369989375088,0.000875312087644077,0.00048208455875138,-2.00319143399876e-05,2.93189399983913e-06,2.24079727924125e-05,0.00021105022451208,-4.80779494149647e-06
0.000859187839317732,0.000877584616690493,0.000503666129781593,-2.03256828697562e-05,1.62236706342616e-06,2.07625313741147e-05,0.000206206379211283,-4.8782871457379e-06
0.000838732149938193,0.000878575274092186,0.000523624306110781,-2.05792297544245e-05,3.68028486607815e-07,1.91612195750149e-05,0.000201296896156328,-4.93912725820662e-06
0.000818042432216666,0.000878338885909668,0.000542003332472386,-2.07939746542453e-05,-8.31853134419629e-07,1.76042561532971e-05,0.00019633125692968,-4.99065589829609e-06
0.000797156782333479,0.000876929526124767,0.000558847637708239,-2.09713272653612e-05,-1.97805008830229e-06,1.60917910305339e-05,0.000191318603656403,-5.03321130287911e-06
0.000776111892370643,0.000874400477155681,0.000574201767322558,-2.11126858582846e-05,-3.07137275993864e-06,1.46239080679057e-05,0.00018626774156407,-5.06712897475278e-06
0.000754943062434739,0.000870804193127151,0.000588110318797351,-2.1219435896398e-05,-4.11266690901745e-06,1.32006278124052e-05,0.000181187141884545,-5.09274135035853e-06
0.000733684214122031,0.000866192265828191,0.0006006178796382,-2.1292948732755e-05,-5.10281101646177e-06,1.18219102109377e-05,0.000176084945078584,-5.110377486358e-06
0.000712367905248362,0.000860615393288979,0.000611768968116815,-2.13345803834292e-05,-6.04271369980197e-06,1.04876572893976e-05,0.00017096896436462,-5.12036276463903e-06
0.000691025345768139,0.000854123350907637,0.000621607976674358,-2.13456703756059e-05,-6.93331119817168e-06,9.1977157948333e-06,0.000165846689533492,-5.12301861531278e-06
0.000669686414808608,0.000846764965056949,0.000630179117947449,-2.13275406687382e-05,-7.77556492739012e-06,7.95187979827009e-06,0.000160725291031366,-5.11866225729483e-06
0.000648379678747226,0.000838588089100734,0.000637526373376663,-2.12814946467892e-05,-8.57045910574594e-06,6.74989325654504e-06,0.000155611624293471,-5.10760645599119e-06
0.000627132410261929,0.000829639581748988,0.000643693444355429,-2.12088161798942e-05,-9.31899845062819e-06,5.59145253106291e-06,0.000150512234311771,-5.09015929768522e-06
0.000605970608285855,0.000819965287680817,0.000648723705875609,-2.11107687535686e-05,-1.00222059463246e-05,4.47620886211784e-06,0.000145433360420087,-5.06662398017224e-06
0.000584919018799866,0.000809610020363963,0.000652660162624403,-2.09885946635067e-05,-1.06811206830875e-05,3.40377079699555e-06,0.000140380941280655,-5.03729861916933e-06
0.000564001156398158,0.000798617546999689,0.000655545407485716,-2.08435142743405e-05,-1.12967957672742e-05,2.37370657061484e-06,0.000135360620056556,-5.00247607010614e-06
0.000543239326563996,0.000787030575521941,0.000657421582398,-2.0676725340322e-05,-1.18702963026182e-05,1.38554643757386e-06,0.000130377749754867,-4.96244376480499e-06
0.000522654648594501,0.000774890743579824,0.000658330341519141,-2.04894023862237e-05,-1.24026974423058e-05,4.38784954161456e-07,0.000125437398725853,-4.91748356263856e-06
0.000502267079115245,0.00076223860943272,0.000658312816648214,-2.02826961465197e-05,-1.2895082511504e-05,-4.67116790224634e-07,0.00012054435630397,-4.86787161569822e-06
0.000482095436127249,0.000749113644687792,0.00065740958485273,-2.00577330611003e-05,-1.33485411999866e-05,-1.33272899347765e-06,0.000115703138576859,-4.81387824755112e-06
0.000462157423530776,0.000735554228810083,0.000655660638249394,-1.98156148256407e-05,-1.37641678242449e-05,-2.15865101357966e-06,0.00011091799426898,-4.75576784513366e-06
0.000442469656072183,0.000721597645335878,0.00065310535588556,-1.95574179948501e-05,-1.41430596586622e-05,-2.94550929446124e-06,0.000106192910726967,-4.69379876335338e-06
0.00042304768466185,0.000707280079720801,0.000649782477668034,-1.92841936367537e-05,-1.44863153348805e-05,-3.69395534549689e-06,0.000101531619994208,-4.6282232419551e-06
0.000403906022013013,0.000692636618754611,0.00064573008028538,-1.89969670363016e-05,-1.47950333087428e-05,-4.40466377507422e-06,9.69376049626027e-05,-4.55928733423938e-06
0.000385058168553133,0.00067770125147565,0.000640985555069544,-1.86967374464136e-05,-1.50703103940231e-05,-5.07833037847009e-06,9.24141055898586e-05,-4.48723084717939e-06
0.000366516638561145,0.000662506871518551,0.000635585587742211,-1.83844778848658e-05,-1.53132403619532e-05,-5.71567028047408e-06,8.79641251711387e-05,-4.41228729255127e-06
0.000348292986485731,0.000647085280829836,0.000629566139991213,-1.80611349750804e-05,-1.5524912605759e-05,-6.31741613272383e-06,8.35904366542631e-05,-4.3346838486127e-06
0.000330397833401445,0.000631467194686955,0.000622962432822128,-1.7727628829349e-05,-1.57064108691173e-05,-6.88431636590852e-06,7.92955889881048e-05,-4.25464133197507e-06
0.000312840893561236,0.000615682247957277,0.000615808931630244,-1.738485297253e-05,-1.58588120375559e-05,-7.41713349690082e-06,7.50819134942169e-05,-4.17237417919868e-06
0.000295631001005625,0.000599759002534685,0.000608139332938043,-1.7033674304775e-05,-1.59831849916831e-05,-7.91664249056251e-06,7.09515302521445e-05,-4.08809043776317e-06
0.000278776136190406,0.000583724955892478,0.000599986552743501,-1.66749331014794e-05,-1.60805895211575e-05,-8.38362917619955e-06,6.69063544892631e-05,-4.00199176597934e-06
0.000262283452596424,0.000567606550692401,0.000591382716424732,-1.63094430489019e-05,-1.61520752982369e-05,-8.81888871839911e-06,6.29481029663875e-05,-3.91427344146811e-06
0.000246159303286589,0.000551429185390881,0.000582359150146736,-1.59379913138349e-05,-1.61986809096703e-05,-9.22322414196011e-06,5.90783003507848e-05,-3.82512437781821e-06
0.000230409267376829,0.000535217225784645,0.000572946373716337,-1.55613386457611e-05,-1.62214329457458e-05,-9.59744491046009e-06,5.52982855685926e-05,-3.73472714904621e-06
0.000215038176389354,0.000518994017439256,0.000563174094831805,-1.51802195098647e-05,-1.62213451452721e-05,-9.94236555827917e-06,5.16092181290463e-05,-3.64325802146657e-06
0.000200050140458014,0.000502781898945262,0.000553071204674063,-1.47953422495444e-05,-1.61994175951141e-05,-1.02588043752968e-05,4.80120844132605e-05,-3.55088699264715e-06
0.000185448574357113,0.000486602215948015,0.00054266577478694,-1.44073892767615e-05,-1.61566359831242e-05,-1.05475821440003e-05,4.45077039206841e-05,-3.45777783704934e-06
0.000171236223326556,0.000470475335898449,0.000531985055194424,-1.40170172887944e-05,-1.60939709030163e-05,-1.08095209283219e-05,4.10967354667169e-05,-3.36408815800944e-06
0.000157415188667569,0.00045442066347354,0.000521055473703477,-1.36248575100763e-05,-1.60123772099835e-05,-1.10454429134804e-05,3.7779683325302e-05,-3.26996944574387e-06
0.000143986953084728,0.00043845665661637,0.000509902636341694,-1.32315159575343e-05,-1.59127934255899e-05,-1.12561692964477e-05,3.45569033106668e-05,-3.17556714099769e-06
0.000130952405751393,0.00042260084314718,0.000498551328879601,-1.28375737282056e-05,-1.57961411907031e-05,-1.14425192259663e-05,3.14286087927117e-05,-3.08102070404282e-06
0.000118311867077028,0.000406869837898081,0.000487025519388319,-1.24435873076348e-05,-1.56633247649865e-05,-1.16053087917382e-05,2.83948766408805e-05,-2.98646368866604e-06
0.000106065113156193,0.000391279360325497,0.000475348361783888,-1.20500888979056e-05,-1.55152305717471e-05,-1.1745350061749e-05,2.54556530916577e-05,-2.89202382087224e-06
9.42113998803346e-05,0.000375844252555743,0.000463542200310511,-1.16575867638198e-05,-1.53527267865742e-05,-1.18634501670279e-05,2.26107595351613e-05,-2.79782308194465e-06
8.27494866947498e-05,0.000360578497820542,0.000451628574915608,-1.12665655961823e-05,-1.51766629686001e-05,-1.19604104329935e-05,1.9859898216598e-05,-2.70397779561285e-06
7.16776599842852e-05,0.000345495239240617,0.00043962822747066,-1.08774868907578e-05,-1.49878697328656e-05,-1.20370255565551e-05,1.72026578486349e-05,-2.61059871898394e-06
6.09937560727155e-05,0.000330606798916897,0.000427561108792407,-1.04907893419089e-05,-1.47871584625019e-05,-1.20940828280099e-05,1.46385191310724e-05,-2.51779113699863e-06
5.0695183821661e-05,0.00031592469729017,0.000415446386420141,-1.01068892495426e-05,-1.45753210594068e-05,-1.21323613968383e-05,1.21668601744213e-05,-2.42565496008304e-06
4.07789468162981e-05,0.000301459672731455,0.000403302453105589,-9.72618093850616e-06,-1.43531297319423e-05,-1.21526315805955e-05,9.786961824326e-06,-2.33428482478969e-06
3.12416651260512e-05,0.000287221701326636,0.000391146935972845,-9.34903718900823e-06,-1.4121336818475e-05,-1.21556542157492e-05,7.49801288399635e-06,-2.24377019708589e-06
2.20795966296358e-05,0.000273220016820258,0.000378996706306817,-8.97580967730743e-06,-1.38806746452783e-05,-1.21421800496378e-05,5.2991152320957e-06,-2.15419547810734e-06
1.32886578948189e-05,0.000259463130684736,0.00036686788992957,-8.60682942544568e-06,-1.36318554176144e-05,-1.21129491725831e-05,3.18928883377242e-06,-2.06564011208364e-06
4.8644446043015e-06,0.000245958852282479,0.000354775878124928,-8.24240725910671e-06,-1.33755711425818e-05,-1.20686904890717e-05,1.1674766427706e-06,-1.97817869621471e-06
-3.19774847991885e-06,0.000232714309089793,0.000342735339072761,-7.88283427262527e-06,-1.31124935825059e-05,-1.20101212270167e-05,-7.6745060721473e-07,-1.8918810922643e-06
-1.09029080203394e-05,0.000219735966952682,0.000330760229755283,-7.52838230018601e-06,-1.28432742375872e-05,-1.19379464843342e-05,-2.61668972353115e-06,-1.80681253963974e-06
-1.82562830817012e-05,0.000207029650345872,0.00031886380829876,-7.17930439231218e-06,-1.2568544356489e-05,-1.18528588113821e-05,-4.38150048930452e-06,-1.72303376974209e-06
-2.52633665875122e-05,0.000194600562607798,0.000307058646715045,-6.83583529686011e-06,-1.22889149737647e-05,-1.17555378286889e-05,-6.06320121307363e-06,-1.64060112139815e-06
-3.19298772594043e-05,0.000182453306125277,0.000295356644008327,-6.49819194351682e-06,-1.20049769727213e-05,-1.16466498786311e-05,-7.66316439429872e-06,-1.55956665713402e-06
-3.8261742042469e-05,0.000170591902443079,0.000283769039613515,-6.16657393116257e-06,-1.17173011726735e-05,-1.15268477102751e-05,-9.18281250549915e-06,-1.47997828013658e-06
-4.426507901903e-05,0.000159019812274554,0.000272306427133761,-5.84116401720777e-06,-1.14264384393097e-05,-1.13967701961571e-05,-1.06236138916108e-05,-1.40187985168949e-06
-4.99461808124328e-05,0.000147739955390815,0.000260978768345535,-5.52212860822041e-06,-1.11329198170343e-05,-1.1257042080164e-05,-1.19870787869427e-05,-1.3253113089192e-06
-5.53114984817899e-05,0.000136754730367055,0.000249795407440772,-5.2096182510805e-06,-1.08372566822355e-05,-1.11082737553815e-05,-1.3274755449959e-05,-1.25030878266804e-06
-6.03676259078981e-05,0.000126066034165684,0.00023876508547661,-4.90376812403703e-06,-1.05399409161255e-05,-1.09510610709245e-05,-1.4488226415938e-05,-1.17690471534404e-06
-6.51212846698436e-05,0.000115675281537147,0.000227895955004157,-4.60469852696763e-06,-1.02414450963528e-05,-1.07859851667571e-05,-1.56291048673929e-05,-1.10512797857998e-06
-6.9579309411233e-05,0.00010558342422032,0.000217195594848899,-4.31251537022893e-06,-9.94222270611147e-06,-1.06136123355727e-05,-1.66990311219996e-05,-1.03500399055435e-06
-7.37486336942947e-05,9.5790969925448e-05,0.000206671025016186,-4.0273106614788e-06,-9.64270835976599e-06,-1.04344939105355e-05,-1.76996692376103e-05,-9.66554832825897e-07
-7.76362763395972e-05,8.62980010836294e-05,0.000196328721696316,-3.74916298997223e-06,-9.34331804393374e-06,-1.02491661781501e-05,-1.86327037338125e-05,-8.99799366562109e-07
-8.12493282485214e-05,7.71041933478638e-05,0.000186174632344709,-3.4781380077268e-06,-9.04444937313081e-06,-1.0058150315075e-05,-1.9499836429347e-05,-8.34753348016606e-07
-8.45949397051275e-05,6.820883383168e-05,0.000176214190813604,-3.21428890703415e-06,-8.74648185881729e-06,-9.8619523480929e-06,-2.03027833945773e-05,-7.71429543129789e-07
-8.76803081535285e-05,5.96108390723101e-05,0.000166452332512705,-2.95765689389906e-06,-8.44977719109602e-06,-9.66106313615121e-06,-2.10432720180799e-05,-7.09837841152329e-07
-9.0512666446455e-05,5.13087727063026e-05,0.000156893509577097,-2.70827165691348e-06,-8.1546795319783e-06,-9.45595837352981e-06,-2.17230381863178e-05,-6.49985367173153e-07
-9.30992715602314e-05,4.33008628464384e-05,0.00014754170602175,-2.46615183110097e-06,-7.86151581940399e-06,-9.24709861339103e-06,-2.23438235752514e-05,-5.91876593440591e-07
-9.54473937709039e-05,3.55850191496115e-05,0.000138400452862831,-2.23130545637973e-06,-7.57059608108362e-06,-9.03492931049214e-06,-2.29073730526244e-05,-5.35513449392015e-07
-9.75643062860013e-05,2.81588495662999e-05,0.000129472843186917,-2.00373043024383e-06,-7.28221375738669e-06,-8.81988088244211e-06,-2.34154321895997e-05,-4.80895430296046e-07
-9.94572753259194e-05,2.10196767630149e-05,0.000120761547150157,-1.78341495431209e-06,-6.9966460323499e-06,-8.60236878849054e-06,-2.38697448803045e-05,-4.28019704423114e-07
-0.000101133550648606,1.41645542099714e-05,0.000112268826890245,-1.57033797431502e-06,-6.71415417210703e-06,-8.38279362492315e-06,-2.42720510677658e-05,-3.76881218641211e-07
-0.000102600356510944,7.59028192698911e-06,0.000103996551334998,-1.36446961344882e-06,-6.43498386986701e-06,-8.16154123632047e-06,-2.46240845746529e-05,-3.27472802419908e-07
-0.000103864883059898,1.29342188142672e-06,9.59462108921377e-05,-1.16577159851257e-06,-6.15936559674651e-06,-7.9389828417873e-06,-2.49275710371614e-05,-2.79785270102352e-07
-0.000104934278146192,-4.72968696736458e-06,8.8118932005683e-05,-9.74197678810252e-07,-5.88751495774359e-06,-7.71547517529235e-06,-2.51842259403047e-05,-2.33807521440965e-07
-0.000105815639553093,-1.04829139817755e-05,8.0515491565269e-05,-7.89694037368946e-07,-5.61963305212151e-06,-7.49136063942713e-06,-2.53957527528297e-05,-1.89526640289071e-07
-0.000106516007632559,-1.59703225219975e-05,7.3136331155396e-05,-6.12199694482664e-07,-5.355906837479e-06,-7.26696747162767e-06,-2.55638411598995e-05,-1.46927991450727e-07
-0.000107042358340899,-2.11961559877889e-05,6.59815711324746e-05,-4.4164690314055e-07,-5.09650949699964e-06,-7.04260992221892e-06,-2.5690165391658e-05,-1.05995315582912e-07
-0.000107401596665817,-2.61648242286913e-05,5.90510245182528e-05,-2.77961536289444e-07,-4.84160080906725e-06,-6.81858844351007e-06,-2.57763826457261e-05,-6.67108221379539e-08
-0.000107600550436545,-3.08808903249271e-05,5.23442106989495e-05,-1.21063465795432e-07,-4.59132751883358e-06,-6.59518988911352e-06,-2.58241316016392e-05,-2.90552803138357e-08
-0.000107645964508701,-3.53490577404585e-05,4.58603689202136e-05,2.91330671199475e-08,-4.34582371093823e-06,-6.37268772295018e-06,-2.58350310252179e-05,6.99189204160702e-09
-0.000107544495315238,-3.95741578492501e-05,3.95984715686234e-05,1.72719090135728e-07,-4.10521118308152e-06,-6.15134223697138e-06,-2.58106784607996e-05,4.14525416125277e-08
-0.000107302705774865,-4.35611378351872e-05,3.35572372312463e-05,3.09790546711379e-07,-3.86959981967968e-06,-5.93140077720635e-06,-2.57526490092643e-05,7.43496948666133e-08
-0.0001069270605491,-4.73150489655535e-05,2.77351435253973e-05,4.40447951858545e-07,-3.63908796525647e-06,-5.71309797730094e-06,-2.56624941897301e-05,1.05707475440655e-07
-0.000106423921639133,-5.08410352375271e-05,2.21304396913216e-05,5.64796056815928e-07,-3.41376279700565e-06,-5.4966559988928e-06,-2.55417408828042e-05,1.35551023662842e-07
-0.000105799544313539,-5.41443223966316e-05,1.67411589413245e-05,6.82943522694173e-07,-3.19370069604883e-06,-5.28228477834879e-06,-2.53918903532365e-05,1.63906418227784e-07
-0.000105060073357834,-5.72302073256366e-05,1.15651305593052e-05,7.95002603097156e-07,-2.9789676170486e-06,-5.07018227907625e-06,-2.52144173498163e-05,1.9080060002591e-07
-0.000104211539636869,-6.01040478020174e-05,6.59999174539999e-06,9.01088835876762e-07,-2.76961945559601e-06,-4.86053474891366e-06,-2.50107692803491e-05,2.1626129816484e-07
-0.000103259856961002,-6.27712526215617e-05,1.84319920087801e-06,1.00132074383607e-06,-2.56570241310213e-06,-4.65351698208928e-06,-2.47823654595391e-05,2.40316958138348e-07
-0.000102210819246927,-6.52372720854728e-05,-2.70795955084936e-06,1.09581954462004e-06,-2.36725335878901e-06,-4.44929258505235e-06,-2.45305964275924e-05,2.62996672200347e-07
-0.000101070097964166,-6.75075888477949e-05,-7.05635511089538e-06,1.18470886961383e-06,-2.17430018833531e-06,-4.24801424580186e-06,-2.42568233373743e-05,2.84330111900648e-07
-9.98432398580786e-05,-6.95877091197625e-05,-1.12050054223278e-05,1.26811449189908e-06,-1.98686217899479e-06,-4.04982400606189e-06,-2.39623774079355e-05,3.04347462794616e-07
-9.85356649404482e-05,-7.14831542272714e-05,-1.515706526104e-05,1.34616406324888e-06,-1.80495034068401e-06,-3.85485353592392e-06,-2.36485594422529e-05,3.23079361322129e-07
-9.71526647385321e-05,-7.31994525173849e-05,-1.89158160022892e-05,1.41898686005713e-06,-1.62856776291423e-06,-3.66322441038603e-06,-2.33166394070036e-05,3.40556833830737e-07
-9.56994007937374e-05,-7.47421316095092e-05,-2.24846556645417e-05,1.48671353828684e-06,-1.45770995713729e-06,-3.47504838745504e-06,-2.29678560722483e-05,3.56811237763397e-07
-9.41809034009215e-05,-7.61167109865546e-05,-2.5867089231978e-05,1.54947589715869e-06,-1.29236519438501e-06,-3.29042768717668e-06,-2.26034167088643e-05,3.71874204943815e-07
-9.26020705795667e-05,-7.73286949212404e-05,-2.90667192563767e-05,1.60740665177294e-06,-1.13251483779317e-06,-3.10945527143336e-06,-2.22244968416289e-05,3.85777587005812e-07
-9.09676672679882e-05,-7.83835657323229e-05,-3.20872367389357e-05,1.66063921433444e-06,-9.78133669979196e-07,-2.93221512382749e-06,-2.18322400558297e-05,3.98553402887417e-07
-8.92823247319851e-05,-7.92867773654589e-05,-3.49324122919385e-05,1.70930748411028e-06,-8.2919021484858e-07,-2.75878252952178e-06,-2.14277578553422e-05,4.10233788420787e-07
-8.75505401792702e-05,-8.00437492930979e-05,-3.76060875800118e-05,1.75354564583941e-06,-6.85647053816483e-07,-2.58922435443063e-06,-2.10121295700935e-05,4.20850947950582e-07
-8.57766765712376e-05,-8.06598607276713e-05,-4.011216704016e-05,1.79348797659602e-06,-5.47461136167114e-07,-2.42359932365057e-06,-2.05864023108871e-05,4.30437107981251e-07
-8.39649626237141e-05,-8.11404451421516e-05,-4.2454609879628e-05,1.82926866105055e-06,-4.14584083433986e-07,-2.26195829852926e-06,-2.0151590969584e-05,4.39024472839738e-07
-8.21194929883082e-05,-8.14907850919339e-05,-4.46374223501445e-05,1.86102161488722e-06,-2.86962487589205e-07,-2.10434455233358e-06,-1.97086782626273e-05,4.46645182295736e-07
-8.02442286063429e-05,-8.17161073317925e-05,-4.66646502968514e-05,1.88888031623079e-06,-1.64538203023866e-07,-1.95079404393446e-06,-1.92586148159862e-05,4.53331271104166e-07
-7.8342997227306e-05,-8.18215782216013e-05,-4.85403719799801e-05,1.91297764523436e-06,-4.72486320594985e-08,-1.80133568949785e-06,-1.88023192895845e-05,4.5911463050629e-07
-7.64194940838333e-05,-8.18122994143472e-05,-5.02686911669263e-05,1.9334457312659e-06,6.49729959713619e-08,-1.65599163167254e-06,-1.83406785392977e-05,4.64026971554532e-07
-7.44772827156116e-05,-8.16933038199229e-05,-5.18537304922628e-05,1.95041580796531e-06,1.72197352293034e-07,-1.51477750612527e-06,-1.78745478146891e-05,4.68099790326201e-07
-7.25197959344537e-05,-8.14695518380295e-05,-5.32996250828758e-05,1.96401807576275e-06,2.74498742885218e-07,-1.37770270523807e-06,-1.7404750990629e-05,4.71364334927916e-07
-7.05503369231487e-05,-8.1145927853503e-05,-5.46105164451844e-05,1.97438157184657e-06,3.71954849454621e-07,-1.24477063859691e-06,-1.69320808310186e-05,4.73851574287963e-07
-6.85720804606918e-05,-8.07272369873024e-05,-5.57905466112422e-05,1.9816340473526e-06,4.64646477124699e-07,-1.11597899018652e-06,-1.6457299282846e-05,4.75592168681735e-07
-6.65880742667724e-05,-8.02182020963512e-05,-5.68438525402536e-05,1.98590185162873e-06,5.52657309080938e-07,-9.91319971974682e-07,-1.59811377988627e-05,4.76616441955263e-07
-6.46012404584644e-05,-7.96234610153702e-05,-5.77745607718672e-05,1.98730982358766e-06,6.36073667942476e-07,-8.70780573879046e-07,-1.55042976871904e-05,4.76954355449898e-07
-6.26143771122415e-05,-7.89475640338365e-05,-5.85867823274117e-05,1.98598118966537e-06,7.14984284105471e-07,-7.54342809704548e-07,-1.50274504862046e-05,4.76635483512373e-07
-6.06301599246087e-05,-7.81949716011671e-05,-5.92846078551311e-05,1.98203746854643e-06,7.8948007096655e-07,-6.41983959097897e-07,-1.45512383630861e-05,4.75688990628882e-07
-5.86511439648265e-05,-7.7370052253257e-05,-5.98721030152496e-05,1.97559838229767e-06,8.59653907028578e-07,-5.33676805281251e-07,-1.40762745344754e-05,4.74143610097192e-07
-5.66797655133155e-05,-7.64770807534409e-05,-6.03533041005692e-05,1.96678177382652e-06,9.25600424873434e-07,-4.29389868362292e-07,-1.36031437076895e-05,4.72027624216653e-07
-5.47183439795011e-05,-7.55202364410372e-05,-6.07322138882234e-05,1.95570353047305e-06,9.87415807079217e-07,-3.29087634277498e-07,-1.31324025410055e-05,4.69368845950308e-07
-5.27690838930834e-05,-7.45036017805754e-05,-6.10127977180395e-05,1.94247751360645e-06,1.0451975889125e-06,-2.32730779092654e-07,-1.26645801215646e-05,4.66194602028052e-07
-5.08340769628084e-05,-7.34311611049183e-05,-6.11989797928707e-05,1.92721549395535e-06,1.09904446781579e-06,-1.4027638862612e-07,-1.22001784594782e-05,4.62531717425933e-07
-4.89153041970342e-05,-7.23067995454654e-05,-6.12946396961802e-05,1.91002709266048e-06,1.14905611977648e-06,-5.1678173276515e-08,-1.17396729967631e-05,4.5840650121879e-07
-4.70146380805077e-05,-7.11343021426983e-05,-6.13036091220446e-05,1.89101972778988e-06,1.19533302227552e-06,3.31133219537863e-08,-1.12835131297687e-05,4.53844733743925e-07
-4.5133844801991e-05,-6.99173531303704e-05,-6.1229668812688e-05,1.8702985660966e-06,1.23797628400346e-06,1.14150512416371e-07,-1.0832122743807e-05,4.48871655022942e-07
-4.3274586527503e-05,-6.86595353867094e-05,-6.10765456985973e-05,1.84796647995275e-06,1.27708748112087e-06,1.91488573716114e-07,-1.03859007587308e-05,4.43511954425952e-07
-4.14384237141276e-05,-6.73643300460765e-05,-6.08479102361972e-05,1.82412400934252e-06,1.3127685001001e-06,2.6518524671946e-07,-9.94522168424766e-06,4.37789761549883e-07
-3.96268174594683e-05,-6.60351162645591e-05,-6.05473739380216e-05,1.79886932849145e-06,1.34512138695976e-06,3.35300647519963e-07,-9.51043618378932e-06,4.31728638209523e-07
-3.78411318820776e-05,-6.46751711331089e-05,-6.01784870902973e-05,1.77229821724497e-06,1.37424820295981e-06,4.01897082683633e-07,-9.08187164581453e-06,4.25351571568374e-07
-3.60826365282677e-05,-6.32876697318468e-05,-5.97447366527907e-05,1.74450403696134e-06,1.40025088652708e-06,4.65038869492534e-07,-8.65983276144383e-06,4.18680968352961e-07
-3.43525088009027e-05,-6.18756853193213e-05,-5.92495443357871e-05,1.71557771058356e-06,1.42323112142723e-06,5.24792161394951e-07,-8.24460210736973e-06,4.11738650070094e-07
-3.2651836405973e-05,-6.04421896505592e-05,-5.86962648490367e-05,1.6856077069706e-06,1.44329021101622e-06,5.81224778593226e-07,-7.83644073303454e-06,4.04545849246374e-07
-3.09816198128547e-05,-5.89900534178105e-05,-5.80881843175246e-05,1.65468002918689e-06,1.46052895853321e-06,6.34406043950388e-07,-7.43558875109272e-06,3.97123206617673e-07
-2.93427747243437e-05,-5.75220468080611e-05,-5.74285188588239e-05,1.62287820663351e-06,1.47504755324566e-06,6.84406623799602e-07,-7.0422659302191e-06,3.89490769240616e-07
-2.77361345527555e-05,-5.6040840171453e-05,-5.67204133169597e-05,1.59028329080545e-06,1.48694546256215e-06,7.31298374071764e-07,-6.65667228937289e-06,3.81667989474338e-07
-2.61624528984006e-05,-5.45490047948211e-05,-5.59669401476048e-05,1.55697385464337e-06,1.49632132956172e-06,7.75154191599589e-07,-6.27898869263173e-06,3.73673724824902e-07
-2.46224060271138e-05,-5.30490137747688e-05,-5.51710984494906e-05,1.52302599518317e-06,1.50327287644808e-06,8.16047870358506e-07,-5.90937744379883e-06,3.65526238581196e-07
-2.31165953434425e-05,-5.15432429846794e-05,-5.43358131369378e-05,1.48851333946879e-06,1.50789681316258e-06,8.54053962926234e-07,-5.54798287996817e-06,3.57243201234019e-07
-2.16455498563987e-05,-5.0033972130313e-05,-5.3463934248421e-05,1.45350705350508e-06,1.51028875154198e-06,8.89247646994877e-07,-5.19493196330495e-06,3.48841692624764e-07
-2.02097286347854e-05,-4.85233858886746e-05,-5.25582363862244e-05,1.41807585414794e-06,1.51054312470134e-06,9.21704596682302e-07,-4.85033487032407e-06,3.40338204799052e-07
-1.88095232492665e-05,-4.70135751249491e-05,-5.16214182821104e-05,1.38228602375912e-06,1.50875311143083e-06,9.51500859120456e-07,-4.51428557798677e-06,3.31748645523887e-07
-1.74452601983917e-05,-4.55065381824783e-05,-5.06561024841314e-05,1.34620142749902e-06,1.50501056568056e-06,9.78712735647612e-07,-4.18686244594674e-06,3.23088342437941e-07
-1.61172033161105e-05,-4.40041822408506e-05,-4.96648351596975e-05,1.30988353309648e-06,1.49940595085872e-06,1.00341666803237e-06,-3.8681287943535e-06,3.14372047796289e-07
-1.4825556158301e-05,-4.25083247372764e-05,-4.86500860100608e-05,1.27339143305223e-06,1.49202827895804e-06,1.02568912942354e-06,-3.55813347661918e-06,3.05613943799245e-07
-1.35704643660077e-05,-4.10206948465686e-05,-4.76142482914962e-05,1.23678186896939e-06,1.48296505414299e-06,1.04560652005797e-06,-3.25691144659584e-06,2.96827648431683e-07
-1.2352018003243e-05,-3.9542935015193e-05,-4.65596389384095e-05,1.20010925805146e-06,1.47230222104348e-06,1.06324506758561e-06,-2.96448431964759e-06,2.88026221822564e-07
-1.11702538673287e-05,-3.80766025449282e-05,-4.54884987838315e-05,1.1634257215402e-06,1.46012411721303e-06,1.07868073202576e-06,-2.68086092713279e-06,2.79222173070014e-07
-1.00251577698395e-05,-3.66231712218695e-05,-4.44029928726819e-05,1.1267811150405e-06,1.44651342998564e-06,1.09198911522424e-06,-2.40603786383035e-06,2.70427467519298e-07
-8.91666678637509e-06,-3.51840329865503e-05,-4.33052108633632e-05,1.09022306048699e-06,1.43155115728904e-06,1.10324537479897e-06,-2.14000002788507e-06,2.61653534434817e-07
-7.84467147354107e-06,-3.37604996411871e-05,-4.21971675132179e-05,1.05379697982255e-06,1.4153165726244e-06,1.11252414231903e-06,-1.88272115288311e-06,2.5291127508294e-07
-6.80901805150975e-06,-3.23538045900847e-05,-4.1080803243614e-05,1.01754613006596e-06,1.39788719375957e-06,1.1198994459638e-06,-1.63416433166657e-06,2.44211071148246e-07
-5.809510550789e-06,-3.09651046094261e-05,-3.99579847803433e-05,9.81511639828876e-07,1.3793387551843e-06,1.12544463721231e-06,-1.394282531558e-06,2.35562793497598e-07
-4.84591292185022e-06,-2.95954816427905e-05,-3.8830505865187e-05,9.45732547058678e-07,1.35974518422331e-06,1.12923232174135e-06,-1.16301910067114e-06,2.26975811238424e-07
-3.91795110641567e-06,-2.8245944618822e-05,-3.77000880346267e-05,9.10245837981889e-07,1.3391785805741e-06,1.13133429431425e-06,-9.40308265019896e-07,2.18459001065144e-07
-3.02531506927684e-06,-2.69174312876809e-05,-3.65683814616213e-05,8.75086487080273e-07,1.31770919923284e-06,1.13182147764459e-06,-7.26075616154714e-07,2.10020756853429e-07
-2.16766078963824e-06,-2.56108100729239e-05,-3.5436965856678e-05,8.40287497989937e-07,1.29540543660904e-06,1.1307638650252e-06,-5.20238589085135e-07,2.01668999475989e-07
-1.34461221112014e-06,-2.43268819357163e-05,-3.4307351424296e-05,8.05879945375617e-07,1.27233381981598e-06,1.1282304668598e-06,-3.22706930280433e-07,1.93411186852401e-07
-5.55763149512482e-07,-2.3066382248252e-05,-3.31809798711563e-05,7.71893017447835e-07,1.24855899886215e-06,1.12428926068565e-06,-1.33383155530567e-07,1.85254324153227e-07
1.99320842333607e-07,-2.18299826735311e-05,-3.20592254623751e-05,7.38354059194993e-07,1.22414374178221e-06,1.11900714494856e-06,4.78370024798503e-08,1.77204974175715e-07
9.21100653210411e-07,-2.06182930486215e-05,-3.09433961223498e-05,7.05288616271157e-07,1.199148932494e-06,1.11244989608611e-06,2.21064157060661e-07,1.69269267876872e-07
1.61006183628928e-06,-1.9431863268757e-05,-2.9834734576724e-05,6.72720479309805e-07,1.17363357126028e-06,1.10468212916672e-06,3.8641484097271e-07,1.61452915008758e-07
2.26671287648485e-06,-1.82711851697004e-05,-2.87344195321227e-05,6.40671728642405e-07,1.14765477768643e-06,1.09576726163654e-06,5.44011090595254e-07,1.53761214850952e-07
2.89158350269772e-06,-1.7136694405878e-05,-2.7643566890528e-05,6.09162779486716e-07,1.1212677961183e-06,1.08576748040676e-06,6.9398004086421e-07,1.46199067055737e-07
3.48522304532576e-06,-1.60287723219704e-05,-2.65632309949626e-05,5.78212427234826e-07,1.09452600333311e-06,1.0747437119526e-06,8.36453531074854e-07,1.38770982517235e-07
4.04819883927122e-06,-1.49477478157474e-05,-2.54944059036331e-05,5.4783789312125e-07,1.06748091841396e-06,1.06275559552006e-06,9.71567721603539e-07,1.31481094331747e-07
4.58109467255372e-06,-1.38938991899629e-05,-2.4438026689362e-05,5.18054869778751e-07,1.0401822146194e-06,1.04986145908561e-06,1.0994627215748e-06,1.24333168731154e-07
5.08450928065704e-06,-1.28674559913532e-05,-2.33949707616521e-05,4.8887756713062e-07,1.01267773336072e-06,1.03611829823678e-06,1.22028222750459e-06,1.17330616097061e-07
5.55905488664836e-06,-1.18686008347825e-05,-2.23660592085156e-05,4.60318758038566e-07,9.85013499895363e-07,1.02158175775893e-06,1.3341731729289e-06,1.10476501916291e-07
6.00535578699109e-06,-1.08974712107836e-05,-2.13520581553824e-05,4.32389824029749e-07,9.57233740829296e-07,1.00630611584935e-06,1.44128538899879e-06,1.03773557755376e-07
6.42404698299115e-06,-9.95416127473079e-06,-2.03536801385193e-05,4.05100800831206e-07,9.29380903350964e-07,9.90344270801236e-07,1.5417712760276e-06,9.72241921888155e-08
6.81577285771402e-06,-9.03872361606531e-06,-1.93715854905403e-05,3.78460423757871e-07,9.01495675833651e-07,9.73747730226776e-07,1.63578548595091e-06,9.08305016922034e-08
7.18118589813617e-06,-8.15117100608126e-06,-1.84063837355501e-05,3.52476172814888e-07,8.73617010126346e-07,9.56566602540074e-07,1.723484615643e-06,8.45942814667849e-08
7.52094546233456e-06,-7.29147812282584e-06,-1.74586349916154e-05,3.27154317607384e-07,8.45782145027929e-07,9.388495906904e-07,1.80502691104224e-06,7.85170362177984e-08
7.83571659133937e-06,-6.45958325180514e-06,-1.6528851378432e-05,3.02499961791921e-07,8.18026631157617e-07,9.20643988170269e-07,1.8805719819958e-06,7.25999908228261e-08
8.12616886531018e-06,-5.6553899612865e-06,-1.5617498427951e-05,2.78517087263235e-07,7.90384356916353e-07,9.01995676987112e-07,1.9502805277419e-06,6.6844100936612e-08
8.39297530365876e-06,-4.87876875101244e-06,-1.47249964960227e-05,2.55208597868671e-07,7.6288757562563e-07,8.82949127639702e-07,2.0143140729393e-06,6.12500634825248e-08
8.63681130869018e-06,-4.12955867332319e-06,-1.3851722173116e-05,2.32576362645204e-07,7.35566933648674e-07,8.63547401038676e-07,2.07283471414117e-06,5.5818327029445e-08
8.85835365218966e-06,-3.40756892563438e-06,-1.29980096921873e-05,2.10621258585694e-07,7.08451499435717e-07,8.4383215220982e-07,2.12600487657589e-06,5.05491020556634e-08
9.05827950457033e-06,-2.71258041347659e-06,-1.21641523319765e-05,1.89343212880028e-07,6.81568793430366e-07,8.23843635742023e-07,2.17398708114258e-06,4.54423710867581e-08
9.23726550592289e-06,-2.04434728321303e-06,-1.13504038140488e-05,1.68741244542216e-07,6.5494481877776e-07,8.03620712846503e-07,2.21694372146295e-06,4.04978986860957e-08
9.39598687843462e-06,-1.4025984237061e-06,-1.0556979691955e-05,1.4881350548212e-07,6.28604092669787e-07,7.83200860028224e-07,2.25503685086192e-06,3.57152413120464e-08
9.53511657953349e-06,-7.87038936297812e-07,-9.78405873097569e-06,1.29557320912833e-07,6.02569678383577e-07,7.62620179283071e-07,2.28842797912216e-06,3.10937570157573e-08
